{
  "output": {
    "perfect_length": 3056,
    "provided_length": 1305,
    "length_ratio": 42.702879581151834,
    "perfect_keywords": 366,
    "provided_keywords": 205,
    "nouns_ratio": 56.01092896174863,
    "spelling_mistakes": 21.992337164750957
  }
}